V/atom_BCC,Delta_BCC_E,V/atom_A15,Delta_A15_E,V/atom_FCC,Delta_FCC_E
14.2522114182658,0.135330209834251,14.5444460641399,0.242,14.5701311953353,0.566
15.1245264654523,0.01742988826016,15.3277696793003,0.114,15.3739577259475,0.451
15.8973348473716,-0.00474250217086403,16.1059839650146,0.0850000000000001,16.2104300291545,0.415
16.6979684532954,0.00408408637651814,16.9574854227405,0.111,17.0298979591837,0.446
17.4482475643387,0.0903518230483695,17.768527696793,0.186,17.8204883381924,0.515
18.2628796625858,0.210452589291678,18.585721574344,0.305,18.6609985422741,0.633
19.1012433562029,0.36295886332624,NaN,NaN,NaN,NaN
