model,element,alat,C11,C12,C44
DFT,W,3.1854,516.0,198.0,140.0
DFT,Nb,3.322,250.0,135.0,21.0
DFT,Mo,3.163,477.0,155.0,111.0
medium,W,3.188435011609017,324.8516940968757,217.4348223009064,77.5089131392126
medium,Mo,3.1701991705102452,343.13403422827224,234.16663628178176,38.082767088547676
medium,Nb,3.313445377326533,206.8292667830282,128.94694510258697,30.39076999312717
